"","age","gender","employment","marital_status","treatment","correction"
"1",40,"Male",1,0,"acceptability",0
"2",79,"Male",0,1,"acceptability",1
"3",36,"Female",1,0,"control",1
"4",22,"Female",1,0,"acceptability",0
"5",34,"Female",1,0,"acceptability",0
"6",71,"Female",0,0,"acceptability",1
"7",67,"Male",0,1,"responsibility",1
"8",41,"Female",0,1,"acceptability",1
"9",56,"Female",0,0,"control",1
"10",32,"Female",0,1,"responsibility",1
"11",63,"Female",0,0,"responsibility",1
"12",75,"Male",0,0,"control",1
"13",43,"Female",0,1,"acceptability",0
"14",64,"Female",0,0,"responsibility",0
"15",38,"Male",1,1,"responsibility",1
"16",39,"Male",0,0,"control",1
"17",37,"Male",0,0,"responsibility",0
"18",62,"Female",0,0,"acceptability",0
"19",47,"Female",1,0,"control",1
"20",69,"Male",0,0,"responsibility",0
"21",43,"Male",0,0,"control",0
"22",21,"Female",1,0,"control",1
"23",76,"Female",0,1,"control",0
"24",29,"Female",0,0,"acceptability",0
"25",52,"Female",0,1,"acceptability",1
"26",57,"Female",1,1,"control",0
"27",60,"Female",0,1,"acceptability",1
"28",48,"Female",0,1,"control",1
"29",20,"Female",0,0,"control",0
"30",41,"Female",0,0,"control",1
"31",42,"Male",1,1,"acceptability",1
"32",38,"Female",0,0,"acceptability",0
"33",22,"Female",0,0,"responsibility",1
"34",50,"Female",0,0,"control",1
"35",49,"Female",1,1,"responsibility",0
"36",26,"Female",0,0,"responsibility",0
"37",81,"Male",0,0,"responsibility",1
"38",50,"Male",1,1,"responsibility",0
"39",58,"Male",1,0,"responsibility",1
"40",61,"Female",1,0,"control",0
"41",28,"Female",0,1,"control",0
"42",69,"Male",0,0,"responsibility",1
"43",24,"Male",1,1,"responsibility",1
"44",66,"Female",0,1,"acceptability",0
"45",40,"Female",1,0,"acceptability",0
"46",27,"Female",0,0,"responsibility",1
"47",35,"Male",1,1,"control",1
"48",63,"Female",0,0,"responsibility",0
"49",43,"Female",0,1,"control",1
"50",26,"Female",0,0,"acceptability",0
"51",51,"Male",1,0,"acceptability",1
"52",54,"Female",1,0,"acceptability",0
"53",30,"Male",1,0,"control",0
"54",46,"Female",0,1,"acceptability",1
"55",21,"Male",0,0,"acceptability",1
"56",54,"Female",0,0,"responsibility",0
"57",43,"Female",1,1,"acceptability",0
"58",57,"Female",0,0,"responsibility",0
"59",62,"Male",0,1,"responsibility",1
"60",74,"Female",0,0,"control",0
"61",44,"Male",0,0,"responsibility",0
"62",72,"Female",1,0,"responsibility",1
"63",56,"Female",1,0,"control",0
"64",64,"Female",1,1,"acceptability",0
"65",28,"Male",0,0,"control",1
"66",41,"Male",1,1,"control",1
"67",43,"Female",1,0,"acceptability",0
"68",30,"Male",1,1,"responsibility",1
"69",38,"Female",0,1,"control",0
"70",29,"Male",0,1,"responsibility",1
"71",33,"Male",1,0,"acceptability",1
"72",55,"Male",0,1,"responsibility",1
"73",18,"Female",1,0,"control",0
"74",43,"Female",1,0,"control",0
"75",46,"Female",1,0,"control",0
"76",34,"Female",1,0,"acceptability",0
"77",33,"Male",1,1,"control",0
"78",33,"Male",0,0,"responsibility",1
"79",33,"Female",0,1,"acceptability",0
"80",33,"Female",1,0,"control",1
"81",59,"Male",0,0,"responsibility",0
"82",68,"Male",0,1,"acceptability",0
"83",38,"Male",1,1,"responsibility",0
"84",36,"Male",1,1,"control",1
"85",33,"Female",1,0,"control",0
"86",66,"Female",0,1,"control",0
"87",42,"Female",0,0,"responsibility",1
"88",53,"Female",1,1,"acceptability",0
"89",46,"Male",1,0,"control",0
"90",40,"Female",1,1,"responsibility",0
"91",20,"Female",0,1,"control",1
"92",51,"Female",0,1,"control",1
"93",48,"Female",1,1,"responsibility",1
"94",35,"Female",1,1,"responsibility",1
"95",42,"Male",1,1,"acceptability",0
"96",51,"Male",0,0,"control",0
"97",52,"Male",1,1,"acceptability",0
"98",32,"Male",1,0,"control",1
"99",51,"Female",1,0,"responsibility",1
"100",40,"Male",1,1,"acceptability",1
"101",41,"Female",0,1,"control",1
"102",58,"Female",0,1,"responsibility",1
"103",47,"Female",0,1,"acceptability",0
"104",32,"Male",0,0,"acceptability",1
"105",29,"Female",0,0,"responsibility",0
"106",66,"Female",0,0,"responsibility",1
"107",25,"Male",1,1,"control",1
"108",49,"Female",0,0,"responsibility",1
"109",44,"Male",1,1,"acceptability",0
"110",30,"Female",0,0,"responsibility",1
"111",18,"Female",1,0,"acceptability",1
"112",24,"Female",0,0,"acceptability",0
"113",43,"Female",1,1,"responsibility",1
"114",40,"Male",1,1,"control",0
"115",40,"Male",1,1,"responsibility",0
"116",62,"Female",1,1,"control",0
"117",40,"Male",1,0,"responsibility",1
"118",21,"Female",0,0,"acceptability",0
"119",57,"Female",1,1,"responsibility",0
"120",35,"Male",1,0,"acceptability",0
"121",21,"Female",0,0,"acceptability",1
"122",18,"Female",1,0,"acceptability",1
"123",52,"Male",1,1,"acceptability",1
"124",54,"Female",1,0,"acceptability",1
"125",24,"Female",1,0,"responsibility",0
"126",27,"Female",0,0,"responsibility",1
"127",57,"Female",0,1,"acceptability",1
"128",21,"Female",1,0,"acceptability",0
"129",24,"Female",1,1,"control",0
"130",78,"Female",0,1,"control",1
"131",45,"Male",0,0,"responsibility",0
"132",37,"Male",1,0,"control",1
"133",46,"Female",1,1,"acceptability",1
"134",33,"Male",1,0,"acceptability",1
"135",58,"Female",1,0,"control",0
"136",69,"Female",0,1,"responsibility",0
"137",61,"Female",0,0,"acceptability",1
"138",20,"Female",0,0,"responsibility",0
"139",49,"Male",1,0,"control",0
"140",19,"Female",1,0,"responsibility",1
"141",35,"Female",0,0,"responsibility",1
"142",60,"Female",0,1,"control",1
"143",42,"Female",1,0,"responsibility",0
"144",57,"Female",1,0,"responsibility",1
"145",24,"Female",0,0,"control",1
"146",44,"Female",0,1,"acceptability",1
"147",40,"Male",1,0,"control",1
"148",68,"Male",0,1,"responsibility",0
"149",71,"Female",0,0,"acceptability",1
"150",20,"Female",0,0,"control",0
"151",18,"Female",0,0,"responsibility",1
"152",62,"Male",1,0,"responsibility",1
"153",28,"Female",1,0,"acceptability",1
"154",25,"Male",1,0,"control",1
"155",52,"Female",0,1,"acceptability",1
"156",25,"Female",1,0,"control",1
"157",44,"Female",1,1,"responsibility",1
"158",50,"Female",1,1,"responsibility",1
"159",27,"Male",1,1,"control",0
"160",59,"Male",0,0,"control",1
"161",23,"Female",0,0,"acceptability",0
"162",44,"Female",1,1,"control",0
"163",32,"Male",0,0,"acceptability",1
"164",19,"Female",0,0,"acceptability",1
"165",19,"Male",0,0,"control",1
"166",27,"Male",0,0,"acceptability",1
"167",34,"Female",1,0,"acceptability",1
"168",57,"Male",1,0,"control",1
"169",44,"Female",0,1,"control",0
"170",29,"Female",0,1,"responsibility",0
"171",34,"Female",1,1,"responsibility",0
"172",21,"Female",0,0,"responsibility",0
"173",19,"Female",1,0,"acceptability",0
"174",28,"Female",1,1,"acceptability",1
"175",48,"Female",1,0,"responsibility",0
"176",46,"Female",0,0,"control",0
"177",20,"Female",1,0,"responsibility",1
"178",54,"Male",0,0,"responsibility",0
"179",26,"Female",1,0,"acceptability",0
"180",57,"Female",1,1,"responsibility",0
"181",22,"Male",1,0,"responsibility",0
"182",35,"Male",0,0,"acceptability",0
"183",21,"Male",1,0,"control",1
"184",31,"Female",1,0,"control",1
"185",42,"Female",1,1,"control",0
"186",28,"Female",0,0,"control",0
"187",20,"Female",0,0,"responsibility",1
"188",23,"Female",0,0,"control",1
"189",24,"Female",1,0,"responsibility",1
"190",33,"Female",0,1,"acceptability",0
"191",60,"Female",1,1,"responsibility",0
"192",36,"Female",0,0,"control",1
"193",48,"Female",1,0,"responsibility",1
"194",60,"Male",1,0,"responsibility",0
"195",61,"Female",0,1,"acceptability",0
"196",19,"Female",0,0,"responsibility",0
"197",26,"Female",1,0,"acceptability",0
"198",29,"Female",1,0,"control",0
"199",36,"Female",1,0,"acceptability",0
"200",53,"Male",1,1,"control",1
"201",45,"Female",1,0,"acceptability",0
"202",31,"Female",1,0,"acceptability",0
"203",26,"Female",1,0,"responsibility",0
"204",37,"Female",1,0,"control",0
"205",25,"Female",1,0,"control",0
"206",34,"Female",0,0,"control",0
"207",21,"Male",1,0,"responsibility",0
"208",47,"Female",1,0,"acceptability",0
"209",23,"Female",1,0,"control",1
"210",44,"Male",0,0,"responsibility",1
"211",29,"Female",1,0,"control",1
"212",27,"Male",1,0,"control",1
"213",46,"Female",1,1,"acceptability",1
"214",47,"Male",1,0,"acceptability",1
"215",53,"Male",0,0,"acceptability",0
"216",18,"Female",1,0,"acceptability",1
"217",42,"Female",0,0,"control",1
"218",65,"Female",0,0,"responsibility",1
"219",30,"Female",0,0,"control",1
"220",23,"Male",0,0,"control",1
"221",22,"Female",1,0,"responsibility",0
"222",34,"Female",1,0,"acceptability",1
"223",43,"Male",1,1,"control",0
"224",19,"Female",0,0,"control",1
"225",24,"Female",1,1,"control",1
"226",34,"Male",1,0,"acceptability",1
"227",22,"Female",1,0,"responsibility",0
"228",62,"Female",0,1,"responsibility",1
"229",59,"Female",0,0,"responsibility",0
"230",41,"Male",1,1,"control",0
"231",77,"Female",0,1,"control",0
"232",27,"Female",1,0,"control",0
"233",33,"Female",1,0,"control",1
"234",60,"Female",0,0,"acceptability",0
"235",30,"Male",0,0,"acceptability",0
"236",52,"Female",1,1,"control",1
"237",19,"Female",0,0,"responsibility",1
"238",21,"Male",1,0,"responsibility",0
"239",24,"Female",0,0,"control",1
"240",23,"Female",1,0,"control",0
"241",20,"Female",0,0,"control",1
"242",23,"Female",1,0,"control",1
"243",18,"Female",0,0,"acceptability",1
"244",62,"Female",1,0,"control",0
"245",32,"Female",1,1,"control",0
"246",30,"Female",0,1,"acceptability",1
"247",23,"Female",1,0,"acceptability",1
"248",36,"Male",0,0,"control",1
"249",24,"Female",1,0,"acceptability",1
"250",50,"Female",1,1,"control",0
"251",26,"Male",1,1,"acceptability",1
"252",65,"Male",1,1,"acceptability",1
"253",35,"Male",1,1,"responsibility",1
"254",63,"Female",0,0,"responsibility",1
"255",54,"Female",1,0,"control",0
"256",43,"Male",1,0,"control",0
"257",18,"Female",0,0,"acceptability",0
"258",28,"Female",0,0,"acceptability",1
"259",48,"Female",1,0,"acceptability",1
"260",24,"Female",0,0,"control",0
"261",67,"Female",0,0,"acceptability",0
"262",32,"Male",1,0,"control",0
"263",36,"Female",0,1,"responsibility",0
"264",18,"Female",0,0,"responsibility",1
"265",19,"Female",1,0,"responsibility",0
"266",20,"Female",0,0,"responsibility",1
"267",56,"Male",1,1,"control",0
"268",25,"Female",1,0,"control",0
"269",20,"Female",1,0,"control",1
"270",28,"Male",1,0,"responsibility",1
"271",31,"Female",1,0,"acceptability",1
"272",30,"Male",1,0,"control",1
"273",20,"Female",1,0,"acceptability",0
"274",68,"Male",0,0,"acceptability",1
"275",20,"Female",1,0,"control",0
"276",38,"Female",0,0,"acceptability",0
"277",35,"Female",1,0,"acceptability",1
"278",63,"Female",0,0,"acceptability",1
"279",75,"Female",0,0,"acceptability",0
"280",46,"Female",1,1,"control",0
"281",39,"Female",0,1,"responsibility",0
"282",52,"Female",0,1,"responsibility",0
"283",62,"Male",0,1,"responsibility",0
"284",59,"Male",1,1,"control",0
"285",28,"Female",1,0,"responsibility",0
"286",22,"Male",1,0,"responsibility",1
"287",45,"Male",0,0,"acceptability",1
"288",39,"Female",0,0,"responsibility",0
"289",42,"Male",1,1,"responsibility",0
"290",31,"Female",0,1,"acceptability",0
"291",24,"Female",1,0,"acceptability",1
"292",43,"Male",1,0,"acceptability",1
"293",53,"Female",0,1,"acceptability",0
"294",63,"Male",1,1,"control",1
"295",44,"Male",0,0,"responsibility",0
"296",54,"Female",0,0,"acceptability",1
"297",26,"Female",1,1,"responsibility",1
"298",46,"Male",1,0,"acceptability",0
"299",27,"Female",0,1,"control",0
"300",57,"Female",0,1,"acceptability",0
"301",38,"Female",1,1,"acceptability",0
"302",55,"Female",1,0,"acceptability",1
"303",42,"Male",0,0,"acceptability",0
"304",75,"Female",0,0,"acceptability",0
"305",63,"Male",0,1,"responsibility",0
"306",40,"Male",0,1,"responsibility",0
"307",43,"Female",1,1,"control",0
"308",30,"Female",1,0,"control",1
"309",68,"Female",0,0,"acceptability",0
"310",22,"Female",0,0,"control",0
"311",60,"Female",0,0,"acceptability",1
"312",43,"Male",1,1,"control",0
"313",27,"Female",1,1,"control",1
"314",43,"Male",1,0,"acceptability",1
"315",81,"Female",0,0,"responsibility",1
"316",65,"Female",0,0,"responsibility",0
"317",24,"Female",1,1,"responsibility",1
"318",18,"Female",0,0,"acceptability",0
"319",35,"Female",1,0,"control",1
"320",60,"Female",0,1,"acceptability",0
"321",39,"Male",0,1,"control",0
"322",32,"Male",1,0,"control",0
"323",60,"Female",0,0,"control",1
"324",20,"Female",1,0,"control",1
"325",28,"Female",1,0,"responsibility",1
"326",42,"Female",0,1,"acceptability",1
"327",36,"Female",1,1,"acceptability",0
"328",28,"Female",0,0,"responsibility",0
"329",41,"Female",1,0,"acceptability",0
"330",34,"Female",0,0,"acceptability",0
"331",41,"Female",1,1,"responsibility",0
"332",20,"Female",0,0,"acceptability",0
"333",62,"Female",0,1,"control",1
"334",55,"Male",1,0,"control",1
"335",51,"Female",0,0,"control",1
"336",19,"Female",1,0,"acceptability",0
"337",36,"Male",1,0,"responsibility",1
"338",62,"Female",0,1,"control",1
"339",20,"Female",0,0,"responsibility",1
"340",58,"Male",0,0,"acceptability",0
"341",28,"Male",1,0,"responsibility",1
"342",72,"Male",1,0,"control",0
"343",32,"Male",1,0,"responsibility",0
"344",79,"Male",0,0,"acceptability",1
"345",49,"Male",1,0,"control",0
"346",20,"Male",0,0,"acceptability",0
"347",57,"Male",1,0,"control",1
"348",19,"Female",0,1,"control",0
"349",56,"Female",1,0,"responsibility",1
"350",21,"Female",1,0,"control",1
"351",25,"Male",1,0,"acceptability",1
"352",26,"Female",1,0,"acceptability",1
"353",68,"Female",1,1,"control",0
"354",47,"Female",0,0,"responsibility",0
"355",25,"Female",0,0,"control",0
"356",66,"Male",0,1,"responsibility",1
"357",18,"Female",0,0,"acceptability",1
"358",53,"Male",1,0,"control",1
"359",24,"Male",0,0,"responsibility",0
"360",45,"Male",1,0,"responsibility",0
"361",41,"Female",1,0,"responsibility",0
"362",19,"Female",1,0,"control",0
"363",34,"Female",1,0,"control",1
"364",29,"Female",1,0,"responsibility",0
"365",27,"Male",1,1,"control",0
"366",64,"Female",0,1,"acceptability",0
"367",32,"Female",0,0,"responsibility",1
"368",75,"Male",0,1,"control",0
"369",71,"Female",0,1,"acceptability",1
"370",67,"Female",0,0,"responsibility",1
"371",64,"Male",0,0,"acceptability",0
"372",34,"Male",1,0,"acceptability",1
"373",63,"Female",1,0,"responsibility",0
"374",19,"Female",1,0,"control",0
"375",37,"Male",1,1,"acceptability",0
"376",32,"Male",1,0,"responsibility",1
"377",24,"Male",1,0,"responsibility",0
"378",22,"Male",0,0,"acceptability",1
"379",52,"Female",1,1,"acceptability",1
"380",70,"Female",0,0,"responsibility",1
"381",47,"Female",1,0,"responsibility",0
"382",42,"Female",1,0,"control",1
"383",37,"Female",1,0,"control",0
"384",85,"Male",0,1,"acceptability",1
"385",55,"Female",1,1,"acceptability",0
"386",35,"Male",1,0,"responsibility",0
"387",19,"Female",1,0,"acceptability",0
"388",62,"Female",1,0,"acceptability",1
"389",25,"Female",1,1,"responsibility",1
"390",58,"Female",0,0,"responsibility",0
"391",18,"Female",0,0,"responsibility",0
"392",38,"Female",1,1,"acceptability",0
"393",27,"Female",0,0,"responsibility",1
"394",54,"Female",0,1,"responsibility",0
"395",34,"Female",0,0,"acceptability",0
"396",69,"Male",0,1,"responsibility",1
"397",47,"Male",1,1,"acceptability",1
"398",22,"Female",1,0,"responsibility",1
"399",71,"Female",0,1,"acceptability",1
"400",20,"Female",1,0,"acceptability",1
"401",66,"Female",0,1,"control",0
"402",40,"Female",1,1,"responsibility",0
"403",26,"Female",0,0,"control",1
"404",65,"Male",0,1,"acceptability",0
"405",24,"Male",1,0,"acceptability",1
"406",30,"Female",1,0,"acceptability",1
"407",21,"Female",1,0,"acceptability",1
"408",41,"Female",1,1,"responsibility",0
"409",61,"Female",1,1,"responsibility",1
"410",51,"Female",1,0,"control",1
"411",29,"Female",1,0,"responsibility",1
"412",44,"Female",1,1,"control",1
"413",24,"Female",1,0,"responsibility",1
"414",62,"Female",0,0,"control",0
"415",53,"Male",1,0,"responsibility",0
"416",64,"Male",1,0,"control",0
"417",43,"Male",0,1,"acceptability",1
"418",55,"Female",0,0,"responsibility",1
"419",22,"Male",1,0,"control",0
"420",39,"Male",0,0,"control",1
"421",40,"Male",1,0,"acceptability",1
"422",29,"Male",0,0,"acceptability",0
"423",20,"Female",1,1,"control",1
"424",34,"Female",1,0,"acceptability",1
"425",50,"Female",1,1,"acceptability",1
"426",21,"Female",1,0,"responsibility",0
"427",39,"Female",1,0,"responsibility",0
"428",66,"Female",1,1,"responsibility",0
"429",30,"Female",1,0,"acceptability",1
"430",31,"Male",1,1,"responsibility",1
"431",27,"Male",1,0,"responsibility",0
"432",45,"Female",0,0,"responsibility",1
"433",52,"Female",0,0,"acceptability",1
"434",20,"Female",0,1,"control",0
"435",18,"Female",0,0,"responsibility",1
"436",38,"Female",1,0,"responsibility",0
"437",48,"Male",1,0,"control",0
"438",36,"Female",1,0,"control",1
"439",39,"Male",1,1,"responsibility",0
"440",48,"Male",0,0,"responsibility",0
"441",24,"Female",1,0,"acceptability",1
"442",74,"Female",0,1,"responsibility",1
"443",31,"Male",0,0,"responsibility",1
"444",62,"Female",1,0,"responsibility",0
"445",47,"Male",0,0,"acceptability",0
"446",74,"Female",0,0,"control",0
"447",19,"Male",0,0,"acceptability",1
"448",37,"Male",1,1,"control",0
"449",35,"Female",1,1,"acceptability",1
"450",70,"Male",0,1,"acceptability",1
"451",60,"Female",0,0,"acceptability",0
"452",59,"Male",1,0,"responsibility",0
"453",33,"Male",1,0,"control",1
"454",32,"Male",1,1,"responsibility",1
"455",38,"Female",1,1,"responsibility",1
"456",20,"Female",1,0,"responsibility",1
"457",35,"Male",1,1,"responsibility",1
"458",23,"Female",1,1,"acceptability",1
"459",50,"Female",1,1,"acceptability",1
"460",22,"Male",0,0,"responsibility",1
"461",64,"Female",1,0,"control",1
"462",30,"Female",0,1,"acceptability",1
"463",61,"Female",1,1,"responsibility",1
"464",24,"Male",1,0,"acceptability",0
"465",68,"Female",0,1,"acceptability",0
"466",57,"Female",1,0,"control",1
"467",25,"Male",1,1,"control",1
"468",71,"Female",0,0,"acceptability",0
"469",48,"Male",0,0,"acceptability",0
"470",19,"Female",0,0,"acceptability",0
"471",64,"Male",0,1,"control",0
"472",56,"Female",1,1,"responsibility",1
"473",47,"Male",1,1,"control",1
"474",24,"Male",1,1,"control",1
"475",37,"Female",1,0,"acceptability",1
"476",38,"Female",0,1,"acceptability",1
"477",41,"Female",0,1,"control",1
"478",54,"Female",1,0,"control",0
"479",41,"Male",1,1,"control",0
"480",30,"Female",0,0,"responsibility",0
"481",30,"Female",1,0,"control",1
"482",25,"Male",1,1,"acceptability",1
"483",30,"Female",0,1,"control",0
"484",34,"Male",1,0,"responsibility",0
"485",31,"Male",1,1,"responsibility",1
"486",45,"Male",1,0,"acceptability",1
"487",53,"Female",1,1,"acceptability",0
"488",18,"Female",0,0,"responsibility",1
"489",58,"Male",1,1,"control",0
"490",40,"Male",1,1,"acceptability",0
"491",42,"Male",1,1,"control",1
"492",48,"Male",1,1,"acceptability",1
"493",59,"Male",0,0,"responsibility",1
"494",63,"Female",1,0,"control",0
"495",19,"Female",0,0,"responsibility",0
"496",25,"Male",1,1,"control",1
"497",32,"Male",0,0,"acceptability",1
"498",30,"Male",1,0,"acceptability",1
"499",48,"Female",1,0,"control",1
"500",35,"Female",1,1,"control",1
"501",24,"Female",1,0,"acceptability",0
"502",43,"Female",0,1,"control",0
"503",45,"Female",0,1,"control",0
"504",34,"Female",0,0,"acceptability",1
"505",34,"Female",0,0,"control",1
"506",35,"Male",1,1,"control",0
"507",34,"Female",0,0,"control",0
"508",40,"Male",1,1,"responsibility",1
"509",72,"Male",0,1,"control",0
"510",25,"Female",1,0,"control",1
"511",30,"Female",0,0,"acceptability",0
"512",78,"Male",0,1,"acceptability",0
"513",70,"Male",0,0,"control",0
"514",60,"Male",0,0,"acceptability",1
"515",25,"Male",0,0,"responsibility",1
"516",56,"Male",0,0,"control",0
"517",57,"Male",1,0,"control",1
"518",59,"Male",0,0,"acceptability",1
"519",73,"Male",0,1,"responsibility",0
"520",72,"Male",0,1,"responsibility",0
"521",58,"Male",0,1,"control",0
"522",52,"Male",0,0,"responsibility",0
"523",34,"Male",1,1,"acceptability",1
"524",65,"Male",0,0,"acceptability",1
"525",81,"Male",0,0,"responsibility",0
"526",63,"Male",0,0,"acceptability",1
"527",54,"Male",1,0,"responsibility",1
"528",59,"Male",0,0,"acceptability",0
"529",78,"Male",0,1,"acceptability",1
"530",68,"Male",0,0,"control",1
"531",68,"Male",0,0,"responsibility",1
"532",36,"Male",1,0,"acceptability",0
"533",77,"Male",0,1,"responsibility",1
"534",42,"Male",1,0,"acceptability",0
"535",50,"Male",1,1,"control",1
"536",73,"Male",1,0,"control",1
"537",55,"Male",1,0,"responsibility",1
"538",25,"Male",1,0,"acceptability",1
"539",57,"Male",0,0,"responsibility",1
"540",60,"Male",0,0,"control",0
"541",42,"Male",0,0,"control",0
"542",33,"Male",0,0,"responsibility",0
"543",36,"Male",1,0,"control",1
"544",25,"Male",0,0,"responsibility",1
"545",62,"Male",0,1,"control",1
"546",50,"Male",0,1,"control",1
"547",68,"Male",0,1,"responsibility",0
"548",64,"Male",1,0,"control",1
"549",47,"Male",1,1,"control",0
"550",31,"Male",1,0,"acceptability",0
"551",79,"Male",0,0,"acceptability",1
"552",76,"Male",0,1,"acceptability",1
"553",52,"Male",1,1,"acceptability",0
"554",53,"Male",0,1,"responsibility",1
"555",66,"Male",0,1,"control",1
"556",23,"Male",0,0,"acceptability",1
"557",51,"Male",0,1,"control",1
"558",80,"Male",0,0,"acceptability",0
"559",41,"Male",1,0,"acceptability",1
"560",19,"Male",0,0,"acceptability",0
"561",63,"Male",1,0,"responsibility",1
"562",40,"Male",0,0,"acceptability",1
"563",52,"Male",1,0,"acceptability",1
"564",73,"Male",1,0,"control",0
"565",71,"Male",0,1,"control",1
"566",65,"Male",0,1,"control",0
"567",78,"Male",0,1,"control",0
"568",57,"Male",1,1,"acceptability",1
"569",32,"Male",1,1,"responsibility",0
"570",50,"Male",1,0,"responsibility",0
"571",28,"Male",0,0,"responsibility",0
"572",34,"Male",1,0,"acceptability",0
"573",67,"Male",0,1,"control",1
"574",44,"Male",1,0,"control",0
"575",48,"Male",1,0,"responsibility",0
"576",19,"Male",0,0,"control",1
"577",34,"Male",0,0,"responsibility",0
"578",53,"Male",1,1,"acceptability",0
"579",24,"Male",0,0,"acceptability",1
"580",53,"Male",1,0,"acceptability",0
"581",74,"Male",0,1,"acceptability",1
"582",52,"Male",1,1,"responsibility",0
"583",52,"Male",1,1,"responsibility",0
"584",58,"Male",1,0,"control",0
"585",56,"Male",0,1,"acceptability",1
"586",68,"Male",0,0,"responsibility",1
"587",68,"Male",0,0,"responsibility",1
"588",52,"Male",0,0,"responsibility",0
"589",74,"Male",1,0,"control",0
"590",47,"Male",0,0,"acceptability",0
"591",41,"Male",1,1,"acceptability",0
"592",57,"Male",1,0,"acceptability",1
"593",55,"Male",1,0,"responsibility",0
"594",23,"Male",1,0,"acceptability",1
"595",62,"Male",1,0,"responsibility",0
"596",63,"Male",0,1,"control",1
"597",61,"Male",0,0,"responsibility",0
"598",50,"Male",0,0,"responsibility",1
"599",77,"Male",0,1,"responsibility",0
"600",33,"Male",1,0,"acceptability",0
"601",77,"Male",0,1,"control",1
"602",53,"Male",1,0,"responsibility",0
"603",34,"Male",1,1,"control",0
"604",71,"Male",0,1,"responsibility",1
"605",37,"Male",1,0,"responsibility",1
"606",39,"Male",0,0,"control",1
"607",53,"Male",1,1,"acceptability",0
"608",53,"Male",1,1,"control",0
"609",47,"Male",1,0,"acceptability",1
"610",30,"Male",0,0,"acceptability",1
"611",31,"Male",1,1,"responsibility",0
"612",61,"Male",0,0,"control",0
"613",57,"Male",0,0,"acceptability",1
"614",28,"Male",1,1,"responsibility",0
"615",34,"Male",1,0,"control",1
"616",57,"Male",1,1,"acceptability",1
"617",39,"Male",1,1,"acceptability",0
"618",34,"Male",1,0,"acceptability",1
"619",42,"Male",0,0,"control",1
"620",67,"Male",0,1,"control",0
"621",23,"Male",1,0,"acceptability",0
"622",64,"Male",1,1,"control",0
"623",37,"Male",1,0,"acceptability",1
"624",44,"Male",1,0,"control",1
"625",40,"Male",1,0,"control",1
"626",47,"Male",0,0,"responsibility",1
"627",59,"Male",1,1,"acceptability",1
"628",64,"Male",1,0,"control",1
"629",80,"Male",0,0,"responsibility",0
"630",61,"Male",1,1,"control",1
"631",37,"Male",0,0,"acceptability",1
"632",45,"Male",1,1,"responsibility",0
"633",41,"Male",1,1,"acceptability",1
"634",47,"Male",1,0,"acceptability",0
"635",63,"Male",1,0,"acceptability",1
"636",42,"Male",0,0,"responsibility",1
"637",55,"Male",1,1,"acceptability",0
"638",42,"Male",1,0,"acceptability",1
"639",54,"Male",0,1,"responsibility",0
"640",65,"Male",0,1,"responsibility",0
"641",40,"Male",1,1,"control",0
"642",51,"Male",1,0,"responsibility",0
"643",57,"Male",1,1,"responsibility",1
"644",57,"Male",1,1,"responsibility",0
"645",67,"Male",0,0,"responsibility",0
"646",82,"Male",0,1,"responsibility",0
"647",48,"Male",1,1,"responsibility",0
"648",55,"Male",1,0,"control",0
"649",50,"Male",1,0,"acceptability",1
"650",63,"Male",1,1,"responsibility",0
"651",63,"Male",0,0,"acceptability",1
"652",74,"Male",0,1,"control",0
"653",40,"Male",0,1,"responsibility",1
"654",42,"Male",1,1,"acceptability",0
"655",44,"Male",1,0,"control",1
"656",65,"Male",0,1,"acceptability",1
"657",78,"Male",1,0,"control",0
"658",45,"Male",1,1,"acceptability",0
"659",72,"Male",0,1,"responsibility",0
"660",61,"Male",1,1,"responsibility",1
"661",75,"Male",0,0,"control",1
"662",65,"Male",0,1,"control",1
"663",40,"Male",1,1,"responsibility",1
"664",63,"Male",1,1,"acceptability",0
"665",63,"Male",1,1,"responsibility",1
"666",81,"Male",0,1,"control",0
"667",60,"Male",1,0,"acceptability",0
"668",20,"Male",1,0,"control",1
"669",44,"Male",1,0,"acceptability",0
"670",47,"Male",0,0,"acceptability",1
"671",35,"Male",1,0,"acceptability",0
"672",65,"Male",1,0,"control",0
"673",49,"Male",1,1,"responsibility",0
"674",28,"Male",0,0,"acceptability",0
"675",41,"Male",1,1,"responsibility",1
"676",74,"Male",1,1,"control",1
"677",62,"Male",0,0,"acceptability",0
"678",48,"Male",1,1,"control",0
"679",64,"Male",0,0,"acceptability",0
"680",66,"Male",1,0,"acceptability",0
"681",56,"Male",1,0,"responsibility",0
"682",64,"Male",0,1,"control",1
"683",68,"Male",1,1,"control",0
"684",41,"Male",0,1,"control",0
"685",28,"Male",1,0,"responsibility",1
"686",39,"Male",1,1,"control",0
"687",75,"Male",0,1,"responsibility",1
"688",35,"Male",1,0,"acceptability",0
"689",44,"Male",1,1,"control",1
"690",79,"Male",1,1,"acceptability",1
"691",57,"Male",1,0,"acceptability",1
"692",66,"Male",0,1,"responsibility",1
"693",74,"Male",0,1,"acceptability",1
"694",53,"Male",0,0,"control",0
"695",38,"Male",1,1,"control",1
"696",75,"Male",0,1,"acceptability",0
"697",74,"Male",0,1,"acceptability",1
"698",63,"Male",0,1,"acceptability",1
"699",64,"Male",0,0,"acceptability",1
"700",73,"Male",0,0,"control",0
"701",53,"Male",0,0,"control",0
"702",66,"Male",0,1,"control",0
"703",58,"Male",1,0,"acceptability",0
"704",70,"Male",0,1,"control",1
"705",67,"Male",0,1,"control",1
"706",61,"Male",1,1,"acceptability",1
"707",70,"Male",0,1,"responsibility",1
"708",74,"Male",0,1,"responsibility",1
"709",62,"Male",0,1,"control",0
"710",60,"Male",1,1,"acceptability",1
"711",70,"Male",0,1,"acceptability",0
"712",63,"Male",0,1,"acceptability",1
"713",62,"Male",1,1,"control",0
"714",69,"Male",1,1,"responsibility",1
"715",60,"Male",0,0,"responsibility",0
"716",35,"Male",1,0,"responsibility",1
"717",73,"Male",0,0,"responsibility",0
"718",67,"Male",1,1,"responsibility",1
"719",50,"Male",0,1,"acceptability",1
"720",66,"Male",0,1,"acceptability",1
"721",35,"Male",1,1,"responsibility",1
"722",65,"Male",0,1,"acceptability",0
"723",55,"Male",1,1,"control",0
"724",69,"Male",0,1,"control",0
"725",40,"Male",1,1,"control",1
"726",39,"Male",1,0,"control",0
"727",62,"Male",0,0,"control",1
"728",52,"Male",0,1,"responsibility",0
"729",60,"Male",0,1,"responsibility",0
"730",19,"Male",0,0,"responsibility",0
"731",70,"Male",0,1,"acceptability",0
"732",50,"Male",1,0,"acceptability",0
"733",70,"Male",0,1,"responsibility",1
"734",55,"Male",1,1,"responsibility",1
"735",48,"Male",1,1,"acceptability",0
"736",64,"Male",0,1,"acceptability",1
"737",57,"Male",1,0,"control",1
"738",42,"Male",1,1,"control",1
"739",51,"Male",1,1,"control",1
"740",64,"Male",0,0,"responsibility",0
"741",50,"Male",1,1,"acceptability",0
"742",63,"Male",1,0,"acceptability",0
"743",69,"Male",0,0,"control",1
"744",77,"Male",0,1,"control",0
"745",50,"Male",1,0,"responsibility",1
"746",75,"Male",0,1,"control",0
"747",54,"Male",0,0,"control",0
"748",46,"Male",1,1,"responsibility",1
"749",53,"Male",1,0,"acceptability",0
"750",32,"Male",0,1,"control",0
"751",59,"Male",0,1,"responsibility",1
"752",48,"Male",1,1,"responsibility",0
"753",70,"Male",1,0,"acceptability",0
"754",30,"Male",0,0,"control",1
"755",38,"Male",1,1,"control",1
"756",72,"Male",1,1,"acceptability",0
"757",68,"Male",1,1,"responsibility",0
"758",71,"Male",0,0,"control",0
"759",55,"Male",0,0,"acceptability",1
"760",29,"Male",1,1,"control",0
"761",37,"Male",1,0,"control",0
"762",35,"Male",1,1,"responsibility",0
"763",68,"Male",0,0,"control",1
"764",40,"Male",1,0,"control",0
"765",75,"Male",0,1,"responsibility",0
"766",72,"Male",1,1,"control",0
"767",24,"Male",0,0,"responsibility",0
"768",66,"Male",0,1,"acceptability",0
"769",76,"Male",0,1,"responsibility",0
"770",57,"Male",1,1,"responsibility",0
"771",52,"Male",1,0,"control",1
"772",48,"Male",0,1,"control",0
"773",58,"Male",1,0,"control",0
"774",82,"Male",1,0,"control",0
"775",62,"Male",1,0,"control",0
"776",77,"Male",0,0,"responsibility",1
"777",76,"Male",0,1,"responsibility",0
"778",44,"Male",0,1,"acceptability",0
"779",68,"Male",0,1,"control",0
"780",81,"Male",0,0,"responsibility",1
"781",41,"Male",1,1,"responsibility",1
"782",66,"Male",0,1,"responsibility",0
"783",42,"Male",0,1,"acceptability",0
"784",62,"Male",1,1,"acceptability",1
"785",55,"Male",0,0,"acceptability",0
"786",57,"Male",0,0,"control",0
"787",55,"Male",1,1,"responsibility",0
"788",34,"Male",1,1,"acceptability",1
"789",63,"Male",1,1,"control",0
"790",66,"Male",0,0,"control",1
"791",50,"Male",1,0,"acceptability",1
"792",29,"Male",1,0,"acceptability",0
"793",47,"Male",1,1,"responsibility",0
"794",24,"Male",1,0,"acceptability",1
"795",71,"Male",0,1,"control",0
"796",30,"Male",1,1,"acceptability",1
"797",66,"Male",0,1,"responsibility",1
"798",46,"Male",1,1,"acceptability",1
"799",43,"Male",1,0,"responsibility",0
"800",53,"Male",1,0,"responsibility",0
"801",63,"Male",0,1,"responsibility",0
"802",54,"Male",0,1,"responsibility",0
"803",72,"Male",0,1,"acceptability",0
"804",59,"Male",1,1,"responsibility",0
"805",32,"Male",1,1,"acceptability",0
"806",67,"Male",0,1,"responsibility",0
"807",58,"Male",0,0,"responsibility",1
"808",60,"Male",0,1,"control",0
"809",35,"Male",1,1,"control",1
"810",63,"Male",1,0,"acceptability",1
"811",62,"Male",0,0,"control",1
"812",65,"Male",0,1,"acceptability",0
"813",49,"Male",1,1,"control",0
"814",59,"Male",1,1,"control",0
"815",36,"Male",1,1,"responsibility",0
"816",79,"Male",0,1,"responsibility",0
"817",45,"Male",1,1,"responsibility",1
"818",71,"Male",0,1,"responsibility",0
"819",47,"Male",1,0,"acceptability",0
"820",70,"Male",0,1,"responsibility",0
"821",63,"Male",0,1,"responsibility",0
"822",52,"Male",1,0,"control",0
"823",61,"Male",0,0,"acceptability",0
"824",66,"Male",0,1,"control",1
"825",60,"Male",1,1,"acceptability",0
"826",29,"Male",1,0,"control",0
"827",59,"Male",1,0,"control",1
"828",47,"Male",1,0,"acceptability",1
"829",44,"Male",1,1,"control",1
"830",53,"Male",1,1,"control",1
"831",46,"Male",1,0,"acceptability",1
"832",77,"Male",0,0,"acceptability",1
"833",72,"Male",0,1,"responsibility",0
"834",72,"Male",0,1,"control",1
"835",88,"Male",0,1,"control",0
"836",63,"Male",0,0,"acceptability",1
"837",72,"Male",0,0,"acceptability",0
"838",60,"Male",1,1,"acceptability",0
"839",61,"Male",1,0,"acceptability",1
"840",36,"Male",1,0,"acceptability",0
"841",60,"Male",1,1,"responsibility",1
"842",66,"Male",0,1,"responsibility",1
"843",60,"Male",1,1,"control",1
"844",69,"Male",1,0,"control",0
"845",33,"Male",1,1,"responsibility",1
"846",32,"Male",1,0,"control",0
"847",43,"Male",0,0,"acceptability",1
"848",71,"Male",0,1,"acceptability",1
"849",41,"Male",1,0,"control",0
"850",79,"Male",0,0,"responsibility",1
"851",68,"Male",0,0,"control",0
"852",76,"Male",0,0,"acceptability",0
"853",51,"Male",1,1,"acceptability",1
"854",34,"Male",1,1,"acceptability",0
"855",63,"Male",0,1,"responsibility",0
"856",34,"Male",0,0,"responsibility",0
"857",69,"Male",1,0,"acceptability",0
"858",44,"Female",1,1,"acceptability",1
"859",63,"Male",1,1,"control",0
"860",48,"Male",0,0,"acceptability",0
"861",64,"Male",0,1,"acceptability",0
"862",64,"Male",0,1,"control",1
"863",56,"Male",0,0,"responsibility",0
"864",74,"Male",0,0,"acceptability",0
"865",43,"Male",1,1,"acceptability",1
"866",77,"Male",0,1,"control",0
"867",49,"Male",0,1,"acceptability",0
"868",61,"Male",1,1,"acceptability",1
"869",68,"Male",0,1,"responsibility",0
"870",36,"Male",1,1,"control",1
"871",66,"Male",1,1,"acceptability",1
"872",52,"Male",1,1,"control",0
"873",62,"Male",0,1,"responsibility",0
"874",50,"Male",0,0,"control",1
"875",75,"Male",1,1,"control",1
"876",67,"Male",0,1,"control",1
"877",31,"Male",1,1,"acceptability",0
"878",57,"Male",1,1,"acceptability",1
"879",58,"Male",0,0,"responsibility",0
"880",56,"Male",1,1,"acceptability",0
"881",41,"Male",1,1,"responsibility",1
"882",68,"Male",0,1,"responsibility",1
"883",80,"Male",0,1,"responsibility",0
"884",66,"Male",0,1,"responsibility",0
"885",26,"Male",0,1,"control",1
"886",63,"Male",1,0,"acceptability",0
"887",55,"Male",1,1,"responsibility",0
"888",24,"Male",1,0,"responsibility",0
"889",66,"Male",0,1,"responsibility",0
"890",59,"Male",1,0,"acceptability",0
"891",69,"Male",0,0,"acceptability",0
"892",36,"Male",1,1,"acceptability",1
"893",54,"Male",1,0,"acceptability",0
"894",66,"Male",0,1,"responsibility",1
"895",62,"Male",1,0,"control",1
"896",28,"Male",1,1,"acceptability",0
"897",68,"Male",0,0,"acceptability",0
"898",50,"Male",1,0,"acceptability",1
"899",31,"Male",1,1,"responsibility",0
"900",67,"Male",1,1,"acceptability",1
"901",65,"Male",0,0,"acceptability",0
"902",38,"Male",0,0,"control",1
"903",75,"Male",0,1,"control",1
"904",48,"Male",1,0,"acceptability",1
"905",47,"Male",1,1,"control",0
"906",37,"Male",0,0,"acceptability",0
"907",71,"Male",1,1,"control",1
"908",26,"Male",0,0,"responsibility",1
"909",34,"Male",1,1,"control",1
"910",71,"Male",0,1,"acceptability",1
"911",44,"Male",1,1,"control",0
"912",28,"Male",0,0,"control",0
"913",64,"Male",0,1,"responsibility",0
"914",48,"Male",1,1,"responsibility",0
"915",29,"Male",0,0,"acceptability",1
"916",28,"Male",0,0,"control",0
"917",76,"Male",0,1,"control",0
"918",68,"Male",1,1,"acceptability",1
"919",51,"Male",1,0,"responsibility",0
"920",21,"Male",1,0,"control",0
"921",44,"Male",0,0,"acceptability",0
"922",79,"Male",0,0,"responsibility",1
"923",49,"Male",1,0,"acceptability",0
"924",60,"Male",1,1,"acceptability",0
"925",58,"Male",1,0,"acceptability",1
"926",65,"Male",1,0,"control",0
"927",59,"Male",1,1,"responsibility",0
"928",63,"Male",0,1,"acceptability",0
"929",56,"Male",0,0,"control",1
"930",69,"Male",1,1,"acceptability",0
"931",73,"Male",0,1,"acceptability",1
"932",56,"Male",0,0,"acceptability",0
"933",77,"Male",0,1,"responsibility",0
"934",44,"Male",1,1,"responsibility",1
"935",56,"Male",1,1,"control",0
"936",40,"Male",1,0,"control",0
"937",78,"Male",0,1,"acceptability",1
"938",24,"Male",0,0,"control",1
"939",25,"Male",1,1,"control",0
"940",66,"Male",1,0,"responsibility",1
"941",61,"Male",0,1,"responsibility",0
"942",76,"Male",0,1,"control",0
"943",81,"Male",0,0,"control",0
"944",67,"Male",0,1,"acceptability",0
"945",49,"Male",1,1,"acceptability",0
"946",45,"Male",1,1,"responsibility",1
"947",45,"Male",1,1,"control",0
"948",35,"Female",0,0,"control",0
"949",57,"Female",0,0,"responsibility",1
"950",76,"Female",0,0,"control",0
"951",66,"Female",0,0,"control",1
"952",67,"Female",0,0,"acceptability",0
"953",82,"Female",0,0,"acceptability",0
"954",79,"Female",0,0,"responsibility",0
"955",76,"Female",0,0,"control",0
"956",75,"Female",0,0,"responsibility",0
"957",45,"Female",0,1,"acceptability",0
"958",72,"Female",0,0,"acceptability",1
"959",64,"Female",0,0,"responsibility",1
"960",50,"Female",0,1,"responsibility",0
"961",50,"Female",1,0,"acceptability",1
"962",61,"Female",0,1,"control",0
"963",55,"Female",0,1,"acceptability",0
"964",54,"Female",0,0,"control",0
"965",54,"Female",1,0,"responsibility",0
"966",62,"Female",0,1,"acceptability",0
"967",39,"Female",1,1,"control",0
"968",73,"Female",0,0,"responsibility",1
"969",64,"Female",0,1,"responsibility",0
"970",62,"Female",1,1,"acceptability",1
"971",41,"Female",1,0,"control",1
"972",73,"Female",0,0,"control",1
"973",52,"Female",0,1,"responsibility",0
"974",30,"Female",0,0,"responsibility",0
"975",61,"Female",0,1,"responsibility",1
"976",68,"Female",0,0,"acceptability",1
"977",54,"Female",1,1,"responsibility",1
"978",37,"Female",0,1,"control",1
"979",45,"Female",1,1,"control",1
"980",29,"Female",1,1,"acceptability",0
"981",30,"Female",0,0,"responsibility",1
"982",62,"Female",1,0,"acceptability",1
"983",70,"Female",0,1,"responsibility",1
"984",50,"Female",0,0,"responsibility",1
"985",66,"Female",0,1,"acceptability",0
"986",60,"Female",1,0,"responsibility",1
"987",70,"Female",1,0,"acceptability",0
"988",63,"Female",0,1,"responsibility",0
"989",41,"Female",1,1,"control",0
"990",46,"Female",1,0,"control",0
"991",69,"Female",0,0,"control",0
"992",37,"Female",1,0,"acceptability",0
"993",54,"Female",1,0,"acceptability",0
"994",73,"Female",1,1,"responsibility",1
"995",72,"Female",0,0,"control",0
"996",57,"Female",0,0,"responsibility",0
"997",39,"Female",1,1,"responsibility",0
"998",61,"Female",1,0,"acceptability",1
"999",27,"Female",0,0,"control",1
"1000",63,"Female",0,1,"control",0
"1001",35,"Female",1,0,"control",0
"1002",76,"Female",0,0,"responsibility",0
"1003",62,"Female",0,0,"acceptability",1
"1004",78,"Female",0,0,"responsibility",0
"1005",61,"Female",1,1,"acceptability",1
"1006",40,"Female",1,0,"responsibility",0
"1007",57,"Female",0,0,"control",0
"1008",43,"Female",1,1,"responsibility",1
"1009",51,"Female",0,1,"acceptability",0
"1010",65,"Female",1,0,"responsibility",1
"1011",69,"Female",0,0,"acceptability",1
"1012",50,"Female",0,1,"responsibility",1
"1013",63,"Female",0,0,"acceptability",1
"1014",37,"Female",1,0,"responsibility",0
"1015",63,"Female",0,0,"responsibility",1
"1016",65,"Female",0,1,"acceptability",0
"1017",79,"Female",0,0,"control",0
"1018",63,"Female",1,1,"responsibility",0
"1019",73,"Female",0,1,"acceptability",0
"1020",45,"Female",0,0,"responsibility",0
"1021",69,"Female",0,0,"acceptability",1
"1022",62,"Female",1,0,"acceptability",1
"1023",73,"Female",1,0,"control",0
"1024",73,"Female",0,1,"control",0
"1025",69,"Female",0,1,"responsibility",1
"1026",76,"Female",0,0,"responsibility",0
"1027",68,"Female",0,1,"acceptability",0
"1028",57,"Female",0,1,"control",1
"1029",57,"Female",0,1,"acceptability",0
"1030",65,"Female",0,0,"acceptability",1
"1031",87,"Female",0,0,"acceptability",1
"1032",55,"Female",1,1,"control",0
"1033",69,"Female",0,0,"control",0
"1034",59,"Female",0,1,"acceptability",0
"1035",77,"Female",0,0,"control",1
"1036",65,"Female",0,0,"control",0
"1037",49,"Female",0,1,"acceptability",1
"1038",71,"Female",0,0,"responsibility",1
"1039",41,"Female",1,0,"responsibility",0
"1040",29,"Female",1,0,"acceptability",0
"1041",69,"Female",0,1,"control",1
"1042",50,"Female",0,0,"control",1
"1043",68,"Female",1,1,"acceptability",1
"1044",65,"Female",1,0,"control",1
"1045",68,"Female",0,0,"acceptability",1
"1046",59,"Female",1,1,"control",0
"1047",66,"Female",0,0,"control",0
"1048",60,"Female",0,1,"responsibility",1
"1049",61,"Female",0,0,"acceptability",0
"1050",75,"Female",0,0,"control",1
"1051",79,"Female",0,0,"acceptability",1
"1052",59,"Female",0,0,"acceptability",0
"1053",82,"Female",0,0,"responsibility",0
"1054",71,"Female",0,0,"responsibility",0
"1055",64,"Female",0,1,"responsibility",1
"1056",26,"Female",0,0,"control",1
"1057",71,"Female",0,0,"acceptability",1
"1058",74,"Female",0,1,"acceptability",1
"1059",73,"Female",0,0,"control",0
"1060",58,"Female",0,1,"control",0
"1061",19,"Female",0,0,"control",0
"1062",47,"Female",1,0,"responsibility",0
"1063",57,"Female",1,1,"responsibility",0
"1064",34,"Female",1,0,"control",1
"1065",53,"Female",0,1,"control",0
"1066",68,"Female",0,0,"control",1
"1067",73,"Female",0,0,"responsibility",0
"1068",62,"Female",0,1,"control",0
"1069",57,"Female",0,0,"acceptability",0
"1070",50,"Female",1,1,"acceptability",0
"1071",50,"Female",0,0,"responsibility",1
"1072",36,"Female",0,1,"responsibility",0
"1073",69,"Female",1,0,"control",0
"1074",65,"Female",1,0,"acceptability",1
"1075",70,"Female",0,0,"control",1
"1076",61,"Female",0,0,"responsibility",1
"1077",51,"Female",0,1,"responsibility",1
"1078",64,"Female",1,0,"responsibility",1
"1079",42,"Female",0,1,"control",1
"1080",40,"Female",0,0,"control",1
"1081",67,"Female",1,0,"control",1
"1082",52,"Female",1,1,"acceptability",0
"1083",39,"Female",1,1,"acceptability",0
"1084",39,"Female",0,1,"responsibility",1
"1085",68,"Female",0,0,"control",1
"1086",50,"Female",1,0,"acceptability",1
"1087",45,"Female",0,1,"control",0
"1088",66,"Female",0,0,"responsibility",0
"1089",61,"Female",1,0,"responsibility",0
"1090",72,"Female",0,1,"control",1
"1091",35,"Female",1,1,"acceptability",0
"1092",31,"Female",1,0,"responsibility",0
"1093",63,"Female",1,0,"control",1
"1094",18,"Female",0,0,"acceptability",1
"1095",54,"Female",1,1,"responsibility",0
"1096",75,"Female",0,1,"control",1
"1097",35,"Female",0,0,"acceptability",1
"1098",76,"Female",0,0,"control",0
"1099",41,"Female",1,0,"control",0
"1100",58,"Female",1,0,"acceptability",1
"1101",26,"Female",1,0,"control",1
"1102",62,"Female",1,0,"responsibility",0
"1103",69,"Female",1,1,"responsibility",1
"1104",62,"Female",1,1,"acceptability",1
"1105",64,"Female",0,1,"acceptability",1
"1106",76,"Female",0,0,"control",0
"1107",46,"Female",0,1,"acceptability",1
"1108",57,"Female",1,1,"responsibility",0
"1109",63,"Female",0,1,"acceptability",0
"1110",59,"Female",1,0,"acceptability",0
"1111",72,"Female",0,1,"acceptability",0
"1112",68,"Female",0,1,"acceptability",0
"1113",63,"Female",0,1,"acceptability",0
"1114",59,"Female",1,0,"control",1
"1115",27,"Female",1,0,"responsibility",0
"1116",56,"Female",1,1,"responsibility",0
"1117",69,"Female",0,0,"control",0
"1118",82,"Female",1,0,"responsibility",1
"1119",56,"Female",1,0,"acceptability",1
"1120",42,"Female",1,1,"control",1
"1121",64,"Female",1,0,"responsibility",0
"1122",72,"Female",0,1,"acceptability",1
"1123",66,"Female",0,1,"responsibility",1
"1124",51,"Female",1,1,"control",1
"1125",64,"Female",0,0,"acceptability",0
"1126",54,"Female",0,1,"acceptability",0
"1127",40,"Female",0,0,"control",0
"1128",36,"Female",1,0,"responsibility",0
"1129",55,"Female",0,1,"control",1
"1130",78,"Female",0,1,"control",1
"1131",58,"Female",0,1,"acceptability",0
"1132",68,"Female",0,0,"acceptability",0
"1133",60,"Female",0,0,"responsibility",0
"1134",67,"Female",0,0,"acceptability",0
"1135",18,"Female",0,0,"acceptability",1
"1136",61,"Female",0,1,"control",1
"1137",69,"Female",0,0,"control",0
"1138",51,"Female",0,0,"responsibility",0
"1139",36,"Female",1,1,"acceptability",1
"1140",62,"Female",0,1,"responsibility",1
"1141",70,"Female",1,1,"control",1
"1142",77,"Female",0,1,"acceptability",1
"1143",57,"Female",0,1,"acceptability",0
"1144",71,"Female",0,1,"responsibility",0
"1145",32,"Female",0,1,"acceptability",0
"1146",47,"Female",0,1,"acceptability",0
"1147",57,"Female",1,1,"responsibility",0
"1148",48,"Female",0,1,"responsibility",0
"1149",45,"Female",0,1,"responsibility",1
"1150",45,"Female",1,1,"responsibility",0
"1151",64,"Female",0,0,"acceptability",0
"1152",36,"Female",1,1,"responsibility",0
"1153",48,"Female",0,0,"responsibility",1
"1154",42,"Female",1,0,"acceptability",0
"1155",57,"Female",1,0,"responsibility",0
"1156",76,"Female",0,0,"responsibility",1
"1157",73,"Female",0,0,"acceptability",1
"1158",71,"Female",0,1,"acceptability",0
"1159",57,"Female",0,1,"acceptability",0
"1160",45,"Female",1,0,"responsibility",0
"1161",78,"Female",0,1,"responsibility",0
"1162",46,"Female",1,1,"control",1
"1163",74,"Female",0,0,"acceptability",0
"1164",44,"Female",1,1,"responsibility",0
"1165",77,"Female",0,0,"acceptability",1
"1166",66,"Female",0,0,"acceptability",1
"1167",67,"Female",1,1,"responsibility",0
"1168",57,"Female",1,0,"responsibility",0
"1169",65,"Female",0,1,"acceptability",0
"1170",49,"Female",1,1,"acceptability",0
"1171",52,"Female",1,0,"responsibility",0
"1172",71,"Female",0,0,"responsibility",0
"1173",58,"Female",1,0,"responsibility",0
"1174",71,"Female",0,1,"acceptability",1
"1175",66,"Female",0,1,"responsibility",0
"1176",51,"Female",1,1,"control",1
"1177",48,"Female",1,1,"acceptability",0
"1178",63,"Female",0,1,"acceptability",1
"1179",29,"Female",1,0,"control",1
"1180",49,"Female",1,1,"control",0
"1181",37,"Female",1,1,"acceptability",0
"1182",62,"Female",0,0,"responsibility",1
"1183",60,"Female",1,1,"control",1
"1184",40,"Female",1,0,"acceptability",1
"1185",80,"Female",0,0,"control",1
"1186",72,"Female",0,1,"acceptability",1
"1187",49,"Female",1,1,"control",1
"1188",79,"Female",1,0,"responsibility",0
"1189",65,"Female",0,1,"acceptability",0
"1190",64,"Female",0,1,"control",0
"1191",37,"Female",1,0,"responsibility",1
"1192",58,"Female",0,0,"responsibility",1
"1193",60,"Female",1,1,"control",1
"1194",66,"Female",0,0,"control",1
"1195",49,"Female",1,0,"responsibility",0
"1196",55,"Female",0,1,"responsibility",0
"1197",54,"Female",1,1,"responsibility",1
"1198",77,"Female",1,0,"control",0
"1199",35,"Female",0,1,"acceptability",1
"1200",21,"Female",0,0,"acceptability",1
"1201",19,"Female",0,0,"acceptability",0
"1202",43,"Female",0,1,"acceptability",1
"1203",19,"Female",1,0,"control",1
"1204",73,"Female",0,0,"responsibility",0
"1205",19,"Female",0,0,"acceptability",1
"1206",70,"Female",0,0,"acceptability",1
"1207",24,"Female",0,0,"acceptability",1
"1208",37,"Female",1,1,"acceptability",1
"1209",42,"Female",0,1,"acceptability",0
"1210",32,"Female",0,1,"responsibility",0
"1211",26,"Female",1,0,"acceptability",0
"1212",32,"Female",0,0,"control",0
"1213",61,"Female",0,0,"control",1
"1214",56,"Female",0,1,"acceptability",0
"1215",38,"Female",0,1,"responsibility",1
"1216",62,"Female",0,1,"acceptability",0
"1217",50,"Female",1,0,"acceptability",1
"1218",52,"Female",0,1,"control",0
"1219",21,"Female",0,0,"responsibility",1
"1220",37,"Female",1,1,"acceptability",0
"1221",52,"Female",1,1,"control",1
"1222",61,"Female",1,1,"acceptability",1
"1223",45,"Female",1,1,"acceptability",1
"1224",45,"Female",1,1,"acceptability",0
"1225",31,"Female",0,0,"responsibility",0
"1226",26,"Female",1,0,"responsibility",0
"1227",55,"Female",1,1,"acceptability",1
"1228",32,"Female",0,1,"control",0
"1229",53,"Female",1,0,"responsibility",1
"1230",21,"Female",1,1,"acceptability",1
"1231",49,"Female",1,0,"control",1
"1232",49,"Female",1,1,"responsibility",0
"1233",47,"Female",1,1,"responsibility",0
"1234",58,"Female",1,1,"responsibility",0
"1235",38,"Female",1,1,"control",1
"1236",19,"Female",1,0,"acceptability",1
"1237",54,"Female",1,0,"control",0
"1238",30,"Female",0,0,"control",1
"1239",42,"Female",1,0,"control",1
"1240",20,"Female",0,0,"control",0
"1241",41,"Female",1,1,"control",0
"1242",59,"Female",1,0,"responsibility",0
"1243",38,"Male",0,0,"control",1
"1244",18,"Male",0,0,"control",0
"1245",57,"Female",1,1,"responsibility",1
"1246",51,"Female",1,1,"acceptability",0
"1247",18,"Female",0,0,"responsibility",0
"1248",43,"Male",1,0,"acceptability",1
"1249",39,"Female",1,0,"responsibility",1
"1250",27,"Female",1,0,"control",0
"1251",36,"Male",1,1,"control",1
"1252",32,"Female",0,0,"responsibility",1
"1253",34,"Female",0,1,"control",1
"1254",23,"Female",0,0,"control",1
"1255",42,"Male",1,0,"responsibility",0
"1256",34,"Male",1,1,"acceptability",0
"1257",52,"Female",1,0,"responsibility",0
"1258",32,"Female",0,0,"control",1
"1259",20,"Male",1,0,"responsibility",1
"1260",20,"Female",0,0,"responsibility",1
"1261",38,"Female",1,1,"responsibility",1
"1262",42,"Male",1,1,"responsibility",0
"1263",21,"Female",1,0,"responsibility",1
"1264",36,"Male",1,0,"control",0
"1265",18,"Male",0,1,"acceptability",0
"1266",32,"Male",0,0,"control",1
"1267",39,"Male",1,1,"responsibility",1
"1268",38,"Male",1,1,"acceptability",0
"1269",20,"Male",1,0,"responsibility",0
"1270",39,"Male",1,1,"control",0
"1271",34,"Male",1,1,"control",1
"1272",31,"Female",1,0,"control",0
"1273",40,"Male",1,1,"acceptability",1
"1274",39,"Male",1,1,"responsibility",1
"1275",27,"Male",1,0,"control",0
"1276",72,"Female",0,0,"responsibility",0
"1277",24,"Female",0,0,"responsibility",1
"1278",21,"Female",0,1,"responsibility",0
"1279",41,"Male",1,1,"control",1
"1280",36,"Female",1,0,"acceptability",0
"1281",40,"Male",1,1,"acceptability",1
"1282",34,"Female",1,0,"acceptability",0
"1283",23,"Male",1,0,"control",0
"1284",18,"Female",0,0,"control",1
"1285",23,"Female",1,0,"acceptability",1
"1286",39,"Male",1,1,"responsibility",1
"1287",39,"Male",1,1,"acceptability",1
"1288",68,"Female",0,0,"control",1
"1289",20,"Female",0,0,"responsibility",1
"1290",23,"Female",1,0,"acceptability",0
"1291",31,"Female",0,0,"acceptability",0
"1292",42,"Male",1,1,"control",0
"1293",44,"Female",1,0,"control",1
"1294",38,"Male",1,0,"responsibility",1
"1295",43,"Female",1,1,"acceptability",0
"1296",47,"Female",0,0,"control",0
"1297",36,"Male",1,1,"control",0
"1298",43,"Male",1,1,"control",0
"1299",38,"Female",1,1,"responsibility",0
"1300",30,"Female",0,0,"control",0
"1301",32,"Male",0,1,"control",1
"1302",46,"Female",0,0,"control",0
"1303",23,"Male",0,0,"acceptability",0
"1304",43,"Male",1,0,"acceptability",1
"1305",27,"Female",1,0,"responsibility",1
"1306",39,"Male",1,1,"acceptability",0
"1307",18,"Male",1,1,"acceptability",0
"1308",43,"Male",1,0,"responsibility",0
"1309",52,"Female",1,0,"responsibility",0
"1310",36,"Female",0,0,"control",0
"1311",33,"Female",0,1,"control",0
"1312",43,"Male",1,1,"responsibility",0
"1313",35,"Male",1,1,"control",0
"1314",40,"Male",1,0,"acceptability",0
"1315",37,"Female",1,1,"control",1
"1316",45,"Male",1,0,"responsibility",0
"1317",33,"Female",1,1,"acceptability",0
"1318",26,"Male",1,0,"control",1
"1319",39,"Female",1,1,"acceptability",1
"1320",36,"Male",1,0,"responsibility",1
"1321",43,"Male",0,1,"responsibility",1
"1322",47,"Male",1,1,"control",1
"1323",27,"Male",1,1,"responsibility",1
"1324",24,"Female",1,0,"control",0
"1325",30,"Female",0,1,"control",0
"1326",26,"Male",1,0,"control",1
"1327",33,"Female",0,0,"control",1
"1328",21,"Female",0,0,"responsibility",0
"1329",35,"Male",1,1,"acceptability",1
"1330",41,"Male",1,1,"responsibility",1
"1331",64,"Male",0,0,"acceptability",0
"1332",37,"Female",0,1,"control",0
"1333",50,"Male",1,0,"acceptability",1
"1334",38,"Male",1,1,"acceptability",0
"1335",38,"Female",1,1,"acceptability",1
"1336",51,"Male",0,1,"acceptability",0
"1337",30,"Male",1,0,"responsibility",0
"1338",34,"Female",1,1,"control",0
"1339",30,"Female",1,0,"control",1
"1340",32,"Male",0,0,"acceptability",1
"1341",36,"Female",1,0,"control",0
"1342",49,"Female",1,0,"acceptability",0
"1343",24,"Male",0,0,"responsibility",1
"1344",73,"Female",0,0,"acceptability",0
"1345",38,"Female",1,0,"responsibility",0
"1346",45,"Male",0,0,"responsibility",0
"1347",55,"Female",0,0,"responsibility",0
"1348",42,"Male",1,0,"acceptability",1
"1349",45,"Female",1,0,"acceptability",1
"1350",26,"Female",0,0,"control",0
"1351",22,"Female",0,1,"responsibility",1
"1352",40,"Male",0,0,"acceptability",1
"1353",37,"Female",1,0,"responsibility",1
"1354",36,"Female",1,1,"acceptability",1
"1355",37,"Male",1,1,"control",1
"1356",69,"Female",0,0,"responsibility",0
"1357",40,"Female",1,1,"acceptability",0
"1358",59,"Female",1,1,"acceptability",0
"1359",27,"Female",0,1,"responsibility",1
"1360",25,"Female",0,0,"control",1
"1361",67,"Male",0,0,"control",1
"1362",28,"Female",1,0,"acceptability",1
"1363",29,"Female",1,0,"responsibility",0
"1364",38,"Male",1,0,"responsibility",0
"1365",65,"Male",0,0,"responsibility",1
"1366",35,"Female",1,0,"control",1
"1367",47,"Male",1,0,"control",0
"1368",19,"Female",0,0,"acceptability",0
"1369",28,"Male",0,0,"responsibility",1
"1370",18,"Female",1,0,"control",1
"1371",40,"Female",0,0,"responsibility",1
"1372",34,"Female",1,0,"acceptability",0
"1373",31,"Female",0,1,"responsibility",1
"1374",34,"Male",0,0,"acceptability",1
"1375",26,"Female",0,1,"acceptability",1
"1376",48,"Male",1,1,"control",0
"1377",18,"Male",0,0,"control",1
"1378",22,"Female",1,0,"acceptability",1
"1379",48,"Female",1,1,"acceptability",1
"1380",61,"Female",1,1,"acceptability",1
"1381",39,"Male",1,1,"control",1
"1382",33,"Male",1,1,"control",0
"1383",24,"Female",1,0,"responsibility",0
"1384",49,"Male",1,0,"responsibility",1
"1385",28,"Female",1,0,"control",1
"1386",42,"Male",1,1,"responsibility",1
"1387",18,"Male",0,0,"control",0
"1388",39,"Male",1,0,"acceptability",1
"1389",20,"Female",1,0,"acceptability",0
"1390",24,"Female",0,0,"acceptability",0
"1391",28,"Male",1,1,"responsibility",0
"1392",21,"Female",1,0,"control",1
"1393",32,"Male",1,0,"control",1
"1394",32,"Female",1,1,"control",0
"1395",20,"Female",0,1,"responsibility",0
"1396",36,"Female",1,0,"control",0
"1397",67,"Female",1,0,"control",1
"1398",44,"Male",1,1,"responsibility",1
"1399",70,"Female",0,0,"acceptability",1
"1400",37,"Male",1,0,"acceptability",1
"1401",42,"Male",1,0,"responsibility",0
"1402",39,"Male",1,1,"control",1
"1403",36,"Male",1,1,"control",1
"1404",23,"Male",1,0,"acceptability",1
"1405",63,"Female",0,0,"acceptability",1
"1406",44,"Male",1,1,"acceptability",0
"1407",48,"Female",0,1,"acceptability",0
"1408",76,"Male",0,1,"responsibility",0
"1409",57,"Male",0,1,"control",1
"1410",74,"Female",0,0,"control",0
"1411",54,"Female",0,1,"responsibility",1
"1412",52,"Female",0,0,"acceptability",1
"1413",42,"Female",0,1,"control",1
"1414",18,"Female",1,0,"control",0
"1415",19,"Male",1,0,"acceptability",1
"1416",40,"Female",1,1,"responsibility",1
"1417",58,"Female",0,1,"control",1
"1418",22,"Female",0,1,"responsibility",0
"1419",65,"Female",0,1,"acceptability",0
"1420",41,"Female",1,1,"responsibility",0
"1421",46,"Female",1,0,"control",1
"1422",55,"Female",1,1,"responsibility",0
"1423",43,"Female",1,0,"control",0
"1424",71,"Male",0,1,"acceptability",0
"1425",43,"Male",1,1,"responsibility",1
"1426",76,"Female",0,1,"acceptability",1
"1427",58,"Male",1,0,"responsibility",1
"1428",59,"Female",1,1,"control",1
"1429",26,"Female",1,1,"control",0
"1430",33,"Female",1,0,"control",0
"1431",75,"Male",0,1,"acceptability",1
"1432",29,"Male",0,0,"acceptability",0
"1433",45,"Female",0,1,"acceptability",0
"1434",58,"Female",1,1,"acceptability",0
"1435",31,"Male",1,1,"responsibility",0
"1436",73,"Male",0,1,"responsibility",1
"1437",68,"Female",0,0,"responsibility",1
"1438",78,"Male",0,1,"responsibility",1
"1439",70,"Male",0,0,"responsibility",0
"1440",64,"Male",1,0,"acceptability",0
"1441",63,"Male",0,1,"responsibility",0
"1442",66,"Female",0,0,"control",1
"1443",78,"Female",0,0,"acceptability",1
"1444",67,"Female",0,1,"responsibility",0
"1445",57,"Female",1,0,"control",1
"1446",48,"Male",1,1,"acceptability",1
"1447",33,"Female",1,1,"responsibility",0
"1448",20,"Female",0,0,"responsibility",0
"1449",44,"Female",0,0,"acceptability",0
"1450",66,"Male",0,1,"acceptability",0
"1451",76,"Female",0,0,"responsibility",1
"1452",61,"Male",0,1,"responsibility",1
"1453",34,"Female",1,0,"responsibility",0
"1454",43,"Male",1,0,"acceptability",1
"1455",31,"Male",0,0,"responsibility",1
"1456",48,"Male",1,0,"control",0
"1457",39,"Male",0,0,"responsibility",1
"1458",75,"Male",0,1,"acceptability",0
"1459",45,"Male",1,0,"control",0
"1460",44,"Female",1,0,"acceptability",0
"1461",35,"Male",0,0,"responsibility",0
"1462",40,"Female",1,1,"responsibility",0
"1463",46,"Female",1,1,"control",0
"1464",36,"Female",1,0,"control",1
"1465",74,"Female",1,1,"responsibility",0
"1466",67,"Male",1,0,"control",0
"1467",43,"Male",1,1,"acceptability",1
"1468",62,"Male",1,0,"acceptability",0
"1469",39,"Female",1,0,"acceptability",1
"1470",27,"Female",1,0,"responsibility",1
"1471",49,"Male",1,0,"control",0
"1472",44,"Male",1,1,"control",1
"1473",64,"Female",1,0,"responsibility",0
"1474",72,"Female",0,0,"acceptability",0
"1475",66,"Male",1,1,"control",0
"1476",70,"Female",0,0,"control",0
"1477",43,"Female",0,1,"control",1
"1478",23,"Male",1,0,"responsibility",0
"1479",32,"Female",1,0,"control",0
"1480",68,"Female",0,0,"responsibility",1
"1481",35,"Male",0,0,"responsibility",0
"1482",64,"Female",0,0,"acceptability",1
"1483",40,"Female",0,0,"responsibility",0
"1484",73,"Female",0,0,"responsibility",1
"1485",36,"Female",0,1,"control",0
"1486",43,"Male",1,0,"responsibility",1
"1487",76,"Female",0,0,"control",0
"1488",43,"Male",1,1,"control",0
"1489",32,"Male",0,0,"acceptability",0
"1490",72,"Female",0,0,"acceptability",0
"1491",44,"Female",1,0,"acceptability",1
"1492",40,"Male",1,1,"responsibility",0
"1493",40,"Female",0,0,"responsibility",0
"1494",41,"Male",1,1,"responsibility",1
"1495",69,"Female",1,1,"responsibility",0
"1496",73,"Female",0,0,"control",1
"1497",45,"Male",1,0,"acceptability",1
"1498",38,"Male",1,0,"acceptability",0
"1499",28,"Male",1,0,"control",0
"1500",63,"Male",0,1,"control",0
"1501",39,"Male",1,1,"acceptability",1
"1502",19,"Female",0,1,"acceptability",1
"1503",41,"Male",1,1,"responsibility",0
"1504",48,"Female",0,0,"acceptability",0
"1505",73,"Female",0,0,"responsibility",1
"1506",35,"Female",0,0,"acceptability",1
"1507",19,"Female",0,0,"responsibility",0
"1508",44,"Female",1,1,"control",0
"1509",59,"Female",0,0,"responsibility",0
"1510",58,"Female",1,1,"control",0
